rails,devise,active_model,mail,rack,sqplite3,coffee-rails
rails,devise,rack,sqplite3,coffee-rails
devise,rack,sqplite3
rails,devise,coffee-rails
mail,rack
rails,rack,sqplite3
rails,coffee-rails
sqplite3,coffee-rails
rails,sqplite3
mail,rack,sqplite3,coffee-rails
devise,active_model
sqplite3,coffee-rails
mail,rack
devise,active_model
rack,coffee-rails
active_model,mail,rack,sqplite3,coffee-rails
rails,devise,mail,rack,sqplite3
devise,rack,sqplite3,coffee-rails
active_model,mail,sqplite3,coffee-rails
active_model,rack,sqplite3
